thresh,cov_train,prec_train,lift_train,cov_holdout,prec_holdout,lift_holdout
1,0.9795158286778398,0.0898838004101162,1.047305287087704,0.9659090909090909,0.08646998982706001,1.028796356237862
3,0.904096834264432,0.0985486653811022,1.148266292904202,0.8939393939393939,0.09581810799837596,1.1400177167534051
5,0.8109869646182495,0.10417414184906111,1.2138130457161551,0.7954545454545454,0.10081613058089295,1.199482826343124
10,0.6620111731843575,0.11202142744603749,1.3052478054559713,0.6818181818181818,0.11457670273711013,1.3632023609744808
20,0.5558659217877095,0.12667091024824953,1.4759401963189893,0.5757575757575758,0.13013698630136986,1.5483343711083437
