segment,n_train,dr_train,f1_train,n_holdout,dr_holdout,f1_holdout
A→AA,992,0.020161290322580645,0.0898876404494382,274,0.014598540145985401,0.020618556701030927
BBB→A,1690,0.02544378698224852,0.07738095238095238,453,0.01545253863134658,0.03684210526315789
BB→BBB,2544,0.041666666666666664,0.09716599190283401,593,0.047217537942664416,0.11666666666666667
B→BB,3458,0.07952573742047427,0.150390625,891,0.06397306397306397,0.1217391304347826
CCC→B,4026,0.1661698956780924,0.29150174621653085,1015,0.16354679802955666,0.29149797570850206
