level,n_train,dr_train,lift_train,n_holdout,dr_holdout,lift_holdout
No warning,810,0.027160493827160494,0.3164678023771754,192,0.046875,0.5577059659090909
Low (1–4),3343,0.05414298534250673,0.6308615629200458,866,0.05196304849884527,0.6182421792987614
Moderate (5–14),2910,0.07697594501718213,0.8969059366340942,721,0.06102635228848821,0.7260748959778086
High (15–29),2820,0.09184397163120567,1.070144749527847,708,0.08615819209039548,1.0250866718027736
Very high (30+),2631,0.1474724439376663,1.7183148635344097,654,0.16055045871559634,1.9101855713094247
