bracket,n_train,dr_train,lift_train,n_holdout,dr_holdout,lift_holdout
0,593,0.03541315345699832,0.41505773900516724,123,0.016260162601626018,0.19368355222013758
1–2,1670,0.03832335329341317,0.44916656146917894,442,0.04072398190045249,0.48508527671423596
3–4,1466,0.05593451568894952,0.6555771330106301,393,0.05089058524173028,0.6061851634370717
5–9,2188,0.06764168190127971,0.7927902717430464,524,0.08015267175572519,0.954741632413388
10–19,1910,0.08376963350785341,0.9818169602794881,429,0.06993006993006994,0.8329747175901022
20–49,4070,0.10958230958230958,1.2843528805032012,996,0.11345381526104417,1.351409484090207
50+,890,0.19101123595505617,2.238735723333917,190,0.18421052631578946,2.194230769230769
