segment,n_train,dr_train,f1_train,n_holdout,dr_holdout,f1_holdout
A→AA,990,0.015151515151515152,0.064,238,0.012605042016806723,0.18181818181818182
BBB→A,1692,0.027186761229314422,0.06483790523690773,439,0.03416856492027335,0.13636363636363635
BB→BBB,2492,0.039727126805778494,0.08278145695364239,631,0.04120443740095087,0.08888888888888889
B→BB,3447,0.07571801566579635,0.14074479737130338,885,0.08248587570621468,0.1558073654390935
CCC→B,3939,0.16704747397816705,0.29159763313609466,972,0.14609053497942387,0.2624618514750763
